id;bezeichnung;;;
0011;U Kassel in Kassel (ohne Kunsthochschule);;;
0012;U Kassel in Witzenhausen;;;
0013;U Kassel in Kassel (Kunsthochschule);;;
0014;U Kassel in Kassel (International Management School);;;
0020;APOLLON Hochschule der Gesundheitswirtschaft, Bremen (Priv. FH);;;
0030;Hochschule Macromedia für angewandte Wissenschaften Stuttgart, Campus München (Priv. FH);;;
0032;Hochschule Macromedia für angewandte Wissenschaften Stuttgart, Campus Berlin (Priv. FH);;;
0033;Hochschule Macromedia für angewandte Wissenschaften Stuttgart, Campus Hamburg (Priv. FH);;;
0034;Hochschule Macromedia für angewandte Wissenschaften Stuttgart, Campus Köln (Priv. FH);;;
0035;Hochschule Macromedia für angewandte Wissenschaften Stuttgart, Campus Stuttgart (Priv. FH);;;
0036;Hochschule Macromedia für angewandte Wissenschaften Stuttgart, Campus Freiburg i. Br. (Priv. FH);;;
0037;Hochschule Macromedia für angewandte Wissenschaften Stuttgart, Campus Leipzig (Priv. FH);;;
0040;FH der Diakonie - Diaconia - University of Applied Science Bielefeld-Bethel;;;
0050;German Graduate School of Management & Law, Heilbronn (Priv. FH);;;
0060;Hochschule der Bundesagentur für Arbeit in Mannheim (FH);;;
0061;Hochschule der Bundesagentur für Arbeit in Schwerin (FH);;;
0080;U Duisburg-Essen in Essen;;;
0082;U Duisburg-Essen in Duisburg;;;
00121;U Paderborn;;;
0130;U Siegen;;;
0140;U Wuppertal;;;
0150;Fernuniversität Hagen;;;
0160;EBC Euro Business College Hamburg Campus Berlin (Priv. FH) ;;;
0170;Touro College Berlin (Priv. FH);;;
0180;Charité – Universitätsmedizin Berlin;;;
0190;Europa-U Viadrina Frankfurt/Oder;;;
0200;Humboldt-Universität Berlin;;;
0260;U Rostock;;;
0270;U Greifswald;;;
0301;U Halle in Halle;;;
0302;U Halle in Merseburg;;;
0310;U Magdeburg;;;
0360;U Leipzig ;;;
0370;TU Dresden in Dresden;;;
0372;TU Dresden in Tharandt;;;
0373;TU Dresden in Zittau (IHI);;;
0380;TU Chemnitz;;;
0390;TU Bergakademie Freiberg;;;
0490;U Jena;;;
0500;U Bamberg;;;
0510;U Bayreuth;;;
0520;U Oldenburg;;;
0530;U Osnabrück;;;
0540;U Passau;;;
0551;Kath. U Eichstätt-Ingolstadt in Eichstätt;;;
0552;Kath. U Eichstätt-Ingolstadt in Ingolstadt;;;
0560;Augustana-H (ev) Neuendettelsau (ehem. GH Neuendettelsau);;;
0580;Bauhaus-Universität Weimar;;;
0590;TU Ilmenau;;;
0620;U Erfurt;;;
0630;HHL Leipzig Graduate School of Management (Priv. H);;;
0660;Jacobs University Bremen (Priv. wiss. H);;;
0670;European School of Management and Technology, Berlin (Priv. H);;;
0680;Hertie School of Governance Berlin (Priv. wiss. H) ;;;
0690;Hafencity Universität, Hamburg;;;
0700;bbw Hochschule Berlin (Priv. FH);;;
0710;Hochschule für Kirchenmusik der Evang. Kirche von Westfalen, Herford;;;
0720;Internationale Hochschule SDI München - Hochschule für angewandte Wissenschaften (Priv. FH);;;
0730;SRH Fachhochschule für Gesundheit Gera (Priv. FH);;;
0740;Norddeutsche Hochschule für Rechtspflege, Hildesheim (FH);;;
0750;Hannover, Kommunale H für Verwaltung in Niedersachsen (Priv. VerwFH);;;
0760;IB Hochschule für Gesundheit und Soziales Berlin in Berlin (Priv. FH);;;
0761;IB Hochschule für Gesundheit und Soziales Berlin in Stuttgart (Priv. FH);;;
0762;IB Hochschule für Gesundheit und Soziales Berlin in München (Priv. FH);;;
0763;IB Hochschule für Gesundheit und Soziales Berlin in Hamburg (Priv. FH);;;
0764;IB Hochschule für Gesundheit und Soziales Berlin in Köln (Priv. FH);;;
0790;Akkon HS Berlin (Priv. FH);;;
0800;Helmut-Schmidt-Universität Hamburg;;;
0811;U der Bundeswehr München (FB Universitätsstudiengänge);;;
0812;U der Bundeswehr München (FB Fachhochschulstudiengänge);;;
0821;Deutsche Hochschule für Gesundheit und Sport Berlin in Berlin (Priv. FH);;;
0822;Deutsche Hochschule für Gesundheit und Sport Berlin in Ismaning (Priv. FH);;;
0823;Deutsche Hochschule für Gesundheit und Sport Berlin in Unna (Priv. FH);;;
0830;(Design Akademie Berlin, SRH H für Kommunikation und Design (Priv. FH)) eingegliedert in 7971;;;
0860;Deutsche H für Prävention und Gesundheitsmanagement Saarbrücken (Priv. FH);;;
0880;EBC Euro Business College Hamburg Campus Hamburg (Priv. FH) ;;;
0910;Deutsche Hochschule der Polizei, Münster (U);;;
0930;EBZ Business School, Bochum (Priv. FH) ;;;
0940;Freie Theologische H (FTH) Gießen (Priv.);;;
0960;U Vechta;;;
0980;U Hildesheim;;;
0990;U Lüneburg;;;
1000;U Kiel;;;
1010;U Lübeck;;;
1020;U Hamburg ;;;
1030;U Göttingen;;;
1040;TU Hamburg;;;
1050;U Bremen;;;
1060;Bucerius Law School, Hamburg;;;
1080;U Bochum;;;
1090;U Bonn;;;
1100;U Düsseldorf;;;
1110;U Köln ;;;
1120;U Münster;;;
1130;Technische Universität Dortmund;;;
1140;U Bielefeld;;;
1150;Deutsche Sporthochschule Köln;;;
1160;U Frankfurt a.M.;;;
1170;U Gießen;;;
1180;U Marburg;;;
1190;Priv. wiss. H für Unternehmensführung Vallendar;;;
1200;U Trier;;;
1210;Technische U Kaiserslautern;;;
1221;U Mainz in Mainz;;;
1222;U Mainz in Germersheim;;;
1230;Deutsche Universität für Verwaltungswissenschaften Speyer;;;
1240;U Freiburg i.Br.;;;
1250;U Heidelberg in Heidelberg;;;
1252;U Heidelberg in Mannheim;;;
1260;U Konstanz;;;
1270;U Tübingen;;;
1280;Priv. wiss. H Bierbronnen;;;
1291;U Koblenz - Landau in Koblenz;;;
1292;U Koblenz - Landau in Landau;;;
1311;U Erlangen - Nürnberg in Erlangen;;;
1312;U Erlangen - Nürnberg in Nürnberg (ehem. U Erlangen-Nürnberg 1310);;;
1322;U München in München;;;
1323;U München im Landkreis München;;;
1330;U Würzburg;;;
1340;U Regensburg;;;
1350;U Augsburg;;;
1360;U des Saarlandes Saarbrücken;;;
1380;FU Berlin;;;
1410;Allensbach Hochschule Konstanz (Priv. FH);;;
1430;TU Braunschweig;;;
1440;TU Clausthal;;;
1450;U Hannover;;;
1460;Zeppelin Universität Friedrichshafen (Priv. H);;;
1470;DIU Dresden International University (Priv. H);;;
1480;TH Aachen ;;;
1490;Universität Witten Herdecke (Priv. H);;;
1500;Hochschule für Finanzwirtschaft & Management Bonn (Priv. FH);;;
1510;CVJM-Hochschule Kassel (Priv. FH);;;
1520;International Psychoanalytic University Berlin (Priv.);;;
1530;TU Darmstadt;;;
1541;EBS U für Wirtschaft und Recht in Oestrich-Winkel (Priv.);;;
1542;EBS U für Wirtschaft und Recht in Wiesbaden (Priv.);;;
1550;Evangelische Hochschule Tabor in Marburg;;;
1561;HS für Medien, Kommunikation und Wirtschaft Berlin in Berlin (Priv. FH);;;
1562;HS für Medien, Kommunikation und Wirtschaft Berlin in Köln (Priv. FH);;;
1563;HS für Medien, Kommunikation und Wirtschaft Berlin in Frankfurt (Priv. FH) ;;;
1570;FH für Sport und Management, Potsdam (Priv. FH);;;
1580;Karlsruher Institut für Technologie (KIT) - Bereich Hochschule;;;
1590;U Stuttgart;;;
1600;Quadriga Hochschule Berlin (Priv. FH);;;
1610;DEKRA Hochschule für Medien Berlin (Priv. FH);;;
1631;TU München in München ;;;
1632;TU München in Weihenstephan ;;;
1633;TU München in Garching;;;
1634;TU München in Straubing;;;
1635;TU München in Heilbronn;;;
1660;EBC Euro Business College Hamburg Campus Düsseldorf (Priv. FH) ;;;
1680;CBS International Business School in Köln (Priv. FH);;;
1681;CBS International Business School in Mainz (Priv. FH);;;
1690;TU Berlin;;;
1700;ESCP Europe Wirtschaftshochschule Berlin (Priv. H);;;
1710;H für Politik München;;;
1730;Medizinische H Hannover;;;
1740;Tierärztliche H Hannover;;;
1751;(SRH Hochschule der populären Künste Berlin (Priv. FH)) eingegliedert in 7971;;;
1760;BSP Business and Law School - Hochschule für Management und Recht Berlin in Berlin (Priv. FH);;;
1761;BSP Business and Law School - Hochschule für Management und Recht Berlin in Hamburg (Priv. FH);;;
1770;Hochschule für Gesundheit (FH) Bochum;;;
1780;Hochschule Weserbergland (HSW), Hameln (Priv. FH);;;
1790;Internationale Hochschule Bad Honnef-Bonn in Bremen (Priv. FH) ;;;
1800;U Hohenheim;;;
1810;U Mannheim;;;
1820;U Ulm;;;
1830;Freie Hochschule Stuttgart, Seminar für Waldorfpädagogik;;;
1840;Psychologische Hochschule Berlin (Priv. U);;;
1850;Fachhochschule Dresden (Priv. FH);;;
1870;Brand University Hamburg (Priv. FH);;;
1880;MSH Medical School Hamburg (Priv. FH);;;
1890;Bard College Berlin, A Liberal Arts University (Priv. H);;;
1900;(German open Business School HS für Wirtschaft und Verwaltung, Berlin (Priv. FH)) aufgelöst;;;
1910;Leibniz - Fachhochschule Hannover (Priv. FH);;;
1921;VICTORIA - Internationale Hochschule Berlin in Berlin (Priv. FH);;;
1922;VICTORIA - Internationale Hochschule Berlin in Baden-Baden (Priv. FH);;;
1940;Internationale Hochschule Liebenzell (Evang. FH);;;
1950;Fliedner Fachhochschule Düsseldorf (Priv. FH);;;
1960;Kühne Logistics University - The KLU, Hamburg (Priv. H);;;
1970;Hochschule der Wirtschaft für Management (HdWM) Mannheim (Priv. FH);;;
1990;Medical School Berlin H für Gesundheit und Medizin (Priv. FH);;;
2000;Theol. Fakultät (rk) Fulda;;;
2020;Phil.-Theol. H (rk) Frankfurt a.M.;;;
2030;Theol. Fakultät (rk) Paderborn;;;
2040;Theol. Fakultät Trier;;;
2050;Theol. H Vallendar;;;
2060;Kölner Hochschule für Katholische Theologie (KHKT) - St. Augustin (Kirchl.-Theol. H);;;
2080;Phil.-Theol. H (rk) Münster;;;
2100;SRH Wilhelm Löhe Hochschule Fürth (Priv. FH);;;
2150;Hochschule Fresenius Heidelberg (Priv. FH);;;
2170;H für Philosophie (rk) München;;;
2200;Hochschule Geisenheim University (FH);;;
2211;HDBW Hochschule der Bayerischen Wirtschaft für angewandte Wissenschaften in München (Priv. FH);;;
2220;Theologische H Ewersbach in Dietzhölztal;;;
2240;Hochschule für angewandte Pädagogik, Berlin (Priv. FH);;;
2271;Kirchliche Hochschule Wuppertal/Bethel in Bethel (ev);;;
2272;Kirchliche Hochschule Wuppertal/Bethel in Wuppertal (ev);;;
2280;IST-Hochschule für Management Düsseldorf (Priv. FH);;;
2290;Berlin International University of Applied Sciences (Priv. FH);;;
2300;H für jüdische Studien Heidelberg;;;
2320;Luth.-Theol. H (ev) Oberursel;;;
2350;Theologische H Friedensau;;;
2360;FH für Interkulturelle Theologie Hermannsburg (Priv.);;;
2381;VWA - Hochschule für berufsbegleitendes Studium Stuttgart in Stuttgart (Priv. FH);;;
2382;VWA - Hochschule für berufsbegleitendes Studium Stuttgart in Freiburg (Priv. FH);;;
2383;VWA - Hochschule für berufsbegleitendes Studium Stuttgart in Karlsruhe (Priv. FH);;;
2384;VWA - Hochschule für berufsbegleitendes Studium Stuttgart in Ulm (Priv. FH);;;
2410;NBS Northern Business School Hamburg (Priv. FH);;;
2420;Medizinische Hochschule Brandenburg in Neuruppin (Priv. U);;;
2430;Alanus Hochschule (Priv. H), Alfter;;;
2450;EU European University of Applied Sciences in Mannheim (Priv. FH);;;
2490;Palucca Hochschule für Tanz Dresden;;;
2500;H für Musik und Theater Hamburg;;;
2510;Kunsthochschule Berlin;;;
2520;H für Musik Berlin;;;
2530;Hochschule für Musik, Theater und Medien, Hannover;;;
2540;H für Schauspielkunst Berlin;;;
2550;Filmuniversität Babelsberg;;;
2561;H für Musik Detmold in Detmold;;;
2571;Folkwang-H Essen in Essen;;;
2572;Folkwang-H Essen in Duisburg;;;
2573;Folkwang-H Essen in Bochum;;;
2574;Folkwang H Essen in Dortmund;;;
2581;H für Musik und Tanz Köln in Köln;;;
2582;H für Musik und Tanz Köln in Aachen;;;
2583;H für Musik und Tanz Köln in Wuppertal;;;
2590;Musikhochschule Lübeck;;;
2600;Burg Giebichenstein Kunsthochschule Halle;;;
2610;H für Künste Bremen;;;
2620;H für Musik und Darstellende Kunst Frankfurt a.M.;;;
2630;H für Bildende Künste Dresden;;;
2640;H für Graphik und Buchkunst Leipzig ;;;
2650;Staatl. H für Musik Freiburg i.Br.;;;
2660;Staatl. H für Musik und Darstellende Kunst Mannheim ;;;
2670;Staatl. H für Musik Karlsruhe;;;
2690;Staatl. H für Musik und Darstellende Kunst Stuttgart;;;
2700;Staatl. H für Musik Trossingen;;;
2710;H für Musik Würzburg;;;
2720;H für Musik und Theater München;;;
2730;H für Fernsehen und Film München;;;
2740;H für Musik und Theater Leipzig;;;
2760;Hochschule für Musik Saarbrücken;;;
2770;H der Bildenden Künste Saarbrücken;;;
2790;Universität der Künste Berlin;;;
2800;H für Musik Dresden;;;
2810;H für Bildende Künste Hamburg;;;
2830;H für Bildende Künste Braunschweig;;;
2850;H für Musik Weimar;;;
2860;Kunstakademie Düsseldorf;;;
2870;Robert-Schumann-H Düsseldorf;;;
2880;KH für Medien Köln;;;
2890;Kunstakademie Münster;;;
2900;H für Bildende Künste (Städelschule) Frankfurt a.M.;;;
2920;H für Gestaltung Offenbach;;;
2930;H für Kirchenmusik der Evangelisch-Lutherischen Landeskirche Sachsens, Dresden;;;
2940;Staatl. H für Gestaltung Karlsruhe;;;
2950;Staatl. Akademie der Bildenden Künste Karlsruhe;;;
2960;Staatl. Akademie der Bildenden Künste Stuttgart;;;
2980;Akademie der Bildenden Künste München;;;
2990;Akademie der Bildenden Künste Nürnberg;;;
3000;Evang. H für Kirchenmusik Halle;;;
3011;Hochschule für Musik Nürnberg;;;
3020;Hochschule für evang. Kirchenmusik Bayreuth;;;
3030;H für Musik und Theater Rostock;;;
3040;Hochschule für kath. Kirchenmusik und Musikpädagogik Regensburg;;;
3051;H Ruhr-West in Bottrop (FH);;;
3052;H Ruhr-West in Mülheim (FH);;;
3061;H Rhein-Waal in Kleve (FH);;;
3062;H Rhein-Waal in Kamp-Lintfort (FH);;;
3071;H Hamm-Lippstadt in Hamm (FH);;;
3072;H Hamm-Lippstadt in Lippstadt (FH);;;
3080;Hochschule der bildenden Künste (HBK) Essen (Priv. Kunst-H);;;
3090;HSD Hochschule Döpfer (Priv. FH), Köln;;;
3100;EUF Europa-Universität Flensburg;;;
3121;Hochschule für Kommunikation und Gestaltung in Stuttgart, FB Gestaltung (Priv. FH);;;
3122;Hochschule für Kommunikation und Gestaltung in Ulm, FB Kommunikation (Priv. FH);;;
3130;Barenboim-Said Akademie Berlin (Priv. KH);;;
3140;CODE University of Applied Sciences Berlin (Priv. FH);;;
3230;Cusanus Hochschule für Gesellschaftsgestaltung Bernkastel-Kues (Priv. FH);;;
3241;Duale Hochschule Gera-Eisenach in Eisenach (FH);;;
3242;Duale Hochschule Gera-Eisenach in Gera (FH);;;
3250;Fachhochschule Clara Hoffbauer Potsdam (Priv. FH);;;
3260;DHSH - Duale Hochschule Schleswig-Holstein in Kiel (Priv. FH);;;
3270;German International University Berlin (Priv. U);;;
3290;HMU Health and Medical University Potsdam (Priv. U);;;
3360;Digital Business University of Applied Sciences Berlin (Priv. FH);;;
3370;Technische Universität Nürnberg;;;
3430;Berufliche Hochschule Hamburg (FH);;;
3490;XU Exponential University of Applied Sciences Potsdam (Priv. FH);;;
3500;U Potsdam;;;
3640;GISMA Business School Potsdam (Priv. FH);;;
3660;PH Freiburg i.Br.;;;
3670;PH Heidelberg;;;
3680;PH Karlsruhe;;;
3700;PH Schwäbisch Gmünd;;;
3711;PH Ludwigsburg in Ludwigsburg;;;
3780;PH Weingarten;;;
3971;Brandenburgische TU Cottbus-Senftenberg in Cottbus;;;
3972;Brandenburgische TU Cottbus-Senftenberg in Senftenberg;;;
3980;Promotionszentrum Soziale Arbeit in Wiesbaden;;;
3990;Promotionszentrum Angewandte Informatik in Darmstadt;;;
4960;media Akademie - Hochschule Stuttgart (Priv. FH);;;
4981;Hochschule Wilhelmshaven/Oldenburg/Elsfleth in Wilhelmshaven (FH);;;
4982;Hochschule Wilhelmshaven/Oldenburg/Elsfleth in Oldenburg (FH);;;
4983;Hochschule Wilhelmshaven/Oldenburg/Elsfleth in Elsfleth (FH);;;
4991;Hochschule Emden/Leer in Emden (FH);;;
4992;Hochschule Emden/Leer in Leer (FH);;;
5010;Hochschule Flensburg (FH);;;
5020;FH Kiel;;;
5030;Technische Hochschule Lübeck (FH);;;
5050;Priv. FH Wedel;;;
5061;FH für Verwaltung und Dienstleistung in Altenholz;;;
5062;FH für Verwaltung und Dienstleistung in Reinfeld;;;
5080;Muthesius Kunsthochschule Kiel;;;
5090;FH Westküste;;;
5100;Hochschule für Telekommunikation Leipzig (Priv. FH);;;
5110;Evangelische Hochschule Dresden in Dresden (Kirchl. FH);;;
5111;Evangelische Hochschule Dresden in Moritzburg (Kirchl. FH);;;
5120;H für Technik und Wirtschaft Dresden, Hochschule für angewandte Wissenschaften (FH);;;
5130;H für Technik, Wirtschaft und Kultur Leipzig, Hochschule für angewandte Wissenschaften (FH);;;
5140;H Mittweida (University of Applied Sciences), Hochschule für angewandte Wissenschaften (FH);;;
5151;H Zittau/Görlitz, Hochschule für angewandte Wissenschaften in Zittau (FH);;;
5152;H Zittau/Görlitz, Hochschule für angewandte Wissenschaften in Görlitz (FH);;;
5161;Westsächsische H Zwickau, Hochschule für angewandte Wissenschaften in Zwickau (FH);;;
5162;Westsächsische H Zwickau, Hochschule für angewandte Wissenschaften in Schneeberg (FH);;;
5163;Westsächsische H Zwickau, Hochschule für angewandte Wissenschaften in Reichenbach (FH);;;
5170;(Evangelische Hochschule Moritzburg (FH)) Zusammenlegung mit Evangelische HS Dresden;;;
5190;H der Sächsischen Polizei (FH) in Rothenburg/OL (Verw-FH);;;
5191;H der Sächsischen Polizei (FH) in Bautzen (Verw-FH);;;
5210;Hochschule für Angewandte Wissenschaften Hamburg;;;
5220;HFH Hamburger Fern-Hochschule;;;
5230;Evangelische Hochschule für Soziale Arbeit Hamburg (FH);;;
5240;Akademie der Polizei Hamburg (VerwFH);;;
5251;FH Südwestfalen in Hagen;;;
5252;FH Südwestfalen in Iserlohn;;;
5253;FH Südwestfalen in Meschede;;;
5254;FH Südwestfalen in Soest;;;
5260;Europäische Fernhochschule Hamburg;;;
5270;Mediadesign Hochschule Berlin in Berlin (Priv. FH);;;
5271;Mediadesign Hochschule Berlin in München (Priv. FH);;;
5272;Mediadesign Hochschule Berlin in Düsseldorf (Priv. FH);;;
5280;NORDAKADEMIE;;;
5312;Hochschule Braunschweig-Wolfenbüttel in Wolfenbüttel (FH);;;
5313;Hochschule Braunschweig-Wolfenbüttel in Wolfsburg (FH);;;
5314;Hochschule Braunschweig-Wolfenbüttel in Salzgitter (FH);;;
5315;Hochschule Braunschweig-Wolfenbüttel in Suderburg (FH);;;
5330;Hochschule Hannover;;;
5381;Hochschule Hildesheim/Holzminden/Göttingen in Göttingen (FH);;;
5385;Hochschule Hildesheim/Holzminden/Göttingen in Holzminden (FH);;;
5391;Fachhochschule für die Wirtschaft Hannover (FHDW) (Priv. FH);;;
5400;Priv. FH Göttingen;;;
5411;Priv. H für Wirtschaft und Technik Vechta/Diepholz in Diepholz (Priv. FH);;;
5412;Priv. H für Wirtschaft und Technik Vechta/Diepholz in Vechta (Priv. FH);;;
5430;FH Ottersberg (Priv.);;;
5501;Hochschule Osnabrück in Osnabrück (FH);;;
5503;Hochschule Osnabrück in Lingen (FH);;;
5660;H Bremerhaven;;;
5670;H für öffentliche Verwaltung Bremen;;;
5680;H Bremen;;;
5690;International School of Management Dortmund in Dortmund (Priv. FH);;;
5691;International School of Management Dortmund in München (Priv. FH);;;
5692;International School of Management Dortmund in Stuttgart (Priv. FH);;;
5693;International School of Management Dortmund in Köln (Priv. FH);;;
5694;International School of Management Dortmund in Hamburg (Priv. FH)  ;;;
5695;International School of Management Dortmund in Frankfurt (Priv. FH)  ;;;
5696;International School of Management Dortmund in Berlin (Priv. FH);;;
5701;Westfälische Hochschule Gelsenkirchen in Gelsenkirchen (FH);;;
5702;Westfälische Hochschule Gelsenkirchen in Bocholt (FH);;;
5703;Westfälische Hochschule Gelsenkirchen in Recklinghausen (FH);;;
5711;FH Aachen in Aachen;;;
5712;FH Aachen in Jülich;;;
5720;IU Internationale Hochschule Erfurt in Bad Honnef (Priv. FH);;;
5721;IU Internationale Hochschule Erfurt in Erfurt (Priv. FH);;;
5722;IU Internationale Hochschule Erfurt in Berlin (Priv. FH);;;
5723;IU Internationale Hochschule Erfurt in Bad Reichenhall (Priv. FH);;;
5724;IU Internationale Hochschule Erfurt in München (Priv. FH);;;
5725;IU Internationale Hochschule Erfurt in Nürnberg (Priv. FH);;;
5726;IU Internationale Hochschule Erfurt in Dortmund (Priv. FH);;;
5727;IU Internationale Hochschule Erfurt in Düsseldorf (Priv. FH);;;
5728;IU Internationale Hochschule Erfurt in Mannheim (Priv. FH) ;;;
5729;IU Internationale Hochschule Erfurt in Hamburg (Priv. FH) ;;;
572A;IU Internationale Hochschule Erfurt in Frankfurt (Priv. FH) ;;;
572B;IU Internationale Hochschule Erfurt in Leipzig (Priv. FH);;;
5731;FH Bielefeld in Bielefeld;;;
5732;FH Bielefeld in Minden;;;
5733;FH Bielefeld in Gütersloh;;;
5751;Hochschule Bochum (FH) in Bochum;;;
5752;Hochschule Bochum (FH) in Velbert/Heiligenhaus;;;
5770;FH Dortmund;;;
5780;H Düsseldorf (FH);;;
5800;University of Europe for Applied Sciences Potsdam in Iserlohn (Priv. FH);;;
5801;University of Europe for Applied Sciences Potsdam in Potsdam (Priv. FH);;;
5802;University of Europe for Applied Sciences Potsdam in Berlin (Priv. FH);;;
5803;University of Europe for Applied Sciences Potsdam in Hamburg (Priv. FH);;;
5820;FH des Mittelstandes (FHM) in Bielefeld (Priv.);;;
5821;FH des Mittelstandes (FHM) in Köln (Priv.);;;
5822;FH des Mittelstandes (FHM) in Frechen (Priv. FH);;;
5823;FH des Mittelstandes (FHM) in Rostock (Priv.);;;
5824;FH des Mittelstandes (FHM) in Schwerin (Priv.);;;
5825;FH des Mittelstandes (FHM) in Hannover (Priv.);;;
5826;FH des Mittelstandes (FHM) in Bamberg (Priv.) ;;;
5827;FH des Mittelstandes (FHM) in Berlin (Priv. FH);;;
5831;Technische Hochschule Köln in Köln (FH);;;
5832;Technische Hochschule Köln in Gummersbach (FH);;;
5833;Technische Hochschule Köln in Leverkusen (FH);;;
5841;H Niederrhein in Krefeld (FH);;;
5842;H Niederrhein in Mönchengladbach (FH);;;
5861;H Ostwestfalen-Lippe in Lemgo (FH);;;
5862;H Ostwestfalen-Lippe in Detmold (FH);;;
5863;H Ostwestfalen-Lippe in Höxter (FH);;;
5891;FH Münster in Münster;;;
5892;FH Münster in Steinfurt;;;
5901;Priv. FH der Wirtschaft Paderborn in Paderborn;;;
5902;Priv. FH der Wirtschaft Paderborn in Bergisch-Gladbach;;;
5904;Priv. FH der Wirtschaft Paderborn in Bielefeld;;;
5905;Priv. FH der Wirtschaft Paderborn in Mettmann;;;
5980;Techn. FH Georg Agricola Bochum (Priv. FH);;;
5990;Priv. Rheinische FH Köln in Köln;;;
5991;Priv. Rheinische FH Köln in Neuss;;;
6000;Evang. FH Rheinland-Westfalen-Lippe, Bochum;;;
6031;Kath. Hochschule Nordrhein-Westfalen in Köln (FH);;;
6032;Kath. Hochschule Nordrhein-Westfalen in Aachen (FH);;;
6033;Kath. Hochschule Nordrhein-Westfalen in Münster (FH);;;
6034;Kath. Hochschule Nordrhein-Westfalen in Paderborn (FH);;;
6071;Hochschule für Polizei und öffentliche Verwaltung Nordrhein-Westfalen in Gelsenkirchen (Verw-FH);;;
6072;Hochschule für Polizei und öffentliche Verwaltung Nordrhein-Westfalen in Dortmund (Verw-FH);;;
6074;Hochschule für Polizei und öffentliche Verwaltung Nordrhein-Westfalen in Duisburg (Verw-FH);;;
6075;Hochschule für Polizei und öffentliche Verwaltung Nordrhein-Westfalen in Hagen (Verw-FH);;;
6076;Hochschule für Polizei und öffentliche Verwaltung Nordrhein-Westfalen in Köln (Verw-FH);;;
6077;Hochschule für Polizei und öffentliche Verwaltung Nordrhein-Westfalen in Münster (Verw-FH);;;
607B;Hochschule für Polizei und öffentliche Verwaltung Nordrhein-Westfalen in Mülheim (Verw-FH);;;
607C;Hochschule für Polizei und öffentliche Verwaltung Nordrhein-Westfalen in Aachen (Verw-FH);;;
607D;Hochschule für Polizei und öffentliche Verwaltung Nordrhein-Westfalen in Herne (Verw-FH);;;
6180;FH für Rechtspflege NW, Bad Münstereifel;;;
6190;Hochschule für Finanzen Nordrhein-Westfalen in Nordkirchen (Verw-FH);;;
6202;Hochschule des Bundes für öffentliche Verwaltung, FB Sozialversicherung in Berlin;;;
6203;Hochschule des Bundes für öffentliche Verwaltung, FB Wetterdienst in Langen;;;
6206;Hochschule des Bundes für öffentliche Verwaltung, FB Allgemeine innere Verwaltung in Brühl;;;
6207;"Hochschule des Bundes für öff. Verwaltung, FB Nachrichtendienste Abteilung Verfassungsschutz in Brühl";;;
6208;Hochschule des Bundes für öffentliche Verwaltung, FB Finanzen in Münster;;;
620B;Hochschule des Bundes für öffentliche Verwaltung, FB Bundeswehrverwaltung in Mannheim;;;
620C;Hochschule des Bundes für öffentliche Verwaltung, FB Kriminalpolizei in Wiesbaden;;;
620D;Hochschule des Bundes für öffentliche Verwaltung, FB Bundespolizei in Lübeck;;;
620E;Hochschule des Bundes für öffentliche Verwaltung, FB Landwirtschaftliche Sozialversicherung in Kassel;;;
620F;Hochschule des Bundes für öffentliche Verwaltung, FB Nachrichtendienste in Berlin ;;;
6211;h_da - H Darmstadt in Darmstadt (FH);;;
6212;h_da - H Darmstadt in Dieburg (FH);;;
6220;Frankfurt University of Applied Sciences (FH);;;
6231;Technische Hochschule Mittelhessen (THM) in Gießen;;;
6232;Technische Hochschule Mittelhessen (THM) in Friedberg;;;
6233;Technische Hochschule Mittelhessen (THM) in Wetzlar;;;
6243;Hochschule RheinMain (FH) in Rüsselsheim;;;
6244;Hochschule RheinMain (FH) in Wiesbaden;;;
6271;Evangelische Hochschule Darmstadt (EHD) in Darmstadt (FH);;;
6272;Evangelische Hochschule Darmstadt (EHD) in Schwalmstadt (FH);;;
6281;Hochschule Fresenius Idstein in Idstein (Priv. FH);;;
6282;Hochschule Fresenius Idstein in Köln (Priv. FH) ;;;
6284;Hochschule Fresenius Idstein in München (Priv. FH);;;
6285;Hochschule Fresenius Idstein in Hamburg (Priv. FH);;;
6286;Hochschule Fresenius Idstein in Frankfurt (Priv. FH);;;
6287;Hochschule Fresenius Idstein in Berlin (Priv. FH);;;
6288;Hochschule Fresenius Idstein in Düsseldorf (Priv. FH)  ;;;
6289;Hochschule Fresenius Idstein in Wiesbaden (Priv. FH);;;
6290;Hochschule Fulda (FH);;;
6320;FH für Archivwesen Marburg;;;
6330;Hessische H für Finanzen und Rechtspflege in Rotenburg (Verw-FH);;;
6343;Hessische H für Polizei und Verwaltung Wiesbaden in Gießen (Verw-FH);;;
6344;Hessische H für Polizei und Verwaltung Wiesbaden in Kassel (Verw-FH);;;
6345;Hessische H für Polizei und Verwaltung Wiesbaden in Wiesbaden (Verw-FH);;;
6360;H der Deutschen Gesetzl. Unfallversicherung, Bad Hersfeld (Priv. FH);;;
6370;Frankfurt School of Finance & Management -HfB (Priv. H);;;
6380;FH für öffentliche Verwaltung und Rechtspflege Meißen;;;
6390;Wilhelm Büchner Hochschule Darmstadt (Priv. Fern-FH);;;
6401;DIPLOMA - FH Nordhessen in Bad Sooden-Allendorf (Priv. FH);;;
6402;DIPLOMA - FH Nordhessen in Kassel (Priv. FH);;;
6411;Europäische Fachhochschule (EUFH) Rhein/Erft in Brühl (Priv.);;;
6412;Europäische Fachhochschule (EUFH) Rhein/Erft in Neuss (Priv.);;;
6413;Europäische Fachhochschule (EUFH) Rhein/Erft in Rostock (Priv.);;;
6414;Europäische Fachhochschule (EUFH) Rhein/Erft in Köln (Priv. FH);;;
6415;Europäische Fachhochschule (EUFH) Rhein/Erft in Rheine (Priv. FH);;;
6430;Theologische Hochschule Elstal (FH);;;
6510;Technische Hochschule Bingen (FH);;;
6521;Hochschule Kaiserslautern in Kaiserslautern (FH);;;
6522;Hochschule Kaiserslautern in Pirmasens (FH);;;
6523;Hochschule Kaiserslautern in Zweibrücken (FH);;;
6531;Hochschule Koblenz (FH) in Koblenz;;;
6532;Hochschule Koblenz (FH) in Höhr-Grenzhausen;;;
6533;Hochschule Koblenz (FH) in Remagen;;;
6581;Hochschule Trier (FH) in Trier;;;
6582;Hochschule Trier (FH) in Birkenfeld;;;
6583;Hochschule Trier (FH) in Idar-Oberstein;;;
6600;Katholische Hochschule Mainz (FH);;;
6620;Hochschule der Deutschen Bundesbank Hachenburg;;;
6631;Hochschule für öffentliche Verwaltung Rheinland-Pfalz, FB Innere Verwaltung in Mayen (FH);;;
6640;Hochschule für Finanzen Rheinland-Pfalz in Edenkoben (FH);;;
6650;Hochschule für Wirtschaft und Gesellschaft Ludwigshafen (FH);;;
6660;Hochschule Worms (FH);;;
6670;Hochschule Mainz (FH);;;
6680;Hochschule für angewandtes Management, Ismaning (Priv. FH) (bis SS 2018 Standort in Erding);;;
6690;Provadis School of Intern. Management and Technology Frankfurt (Priv. FH);;;
6710;Hochschule Aalen - Technik und Wirtschaft in Aalen (FH);;;
6711;Hochschule Aalen - Technik und Wirtschaft in Schwäbisch Gmünd (FH);;;
6720;H für Bauwesen und Wirtschaft Biberach a.d. Riß (FH);;;
6731;Hochschule Esslingen in Esslingen (FH);;;
6732;Hochschule Esslingen in Göppingen (FH);;;
6741;H für Technik und Wirtschaft Furtwangen (FH) in Furtwangen;;;
6742;H für Technik und Wirtschaft Furtwangen (FH) in Villingen-Schwenningen;;;
6743;H für Technik und Wirtschaft Furtwangen (FH) in Tuttlingen;;;
6751;FH Heilbronn in Heilbronn;;;
6752;FH Heilbronn in Künzelsau;;;
6753;FH Heilbronn in Schwäbisch Hall;;;
6760;H Technik und Wirtschaft Karlsruhe (FH);;;
6770;H für Technik, Wirtschaft und Gestaltung Konstanz (FH);;;
6780;Hochschule Mannheim (FH);;;
6791;FH Nürtingen in Nürtingen;;;
6792;FH Nürtingen in Geislingen;;;
6800;H für Technik und Wirtschaft Offenburg (FH);;;
6810;H für Gestaltung, Technik und Wirtschaft Pforzheim (FH);;;
6820;H für Technik und Sozialwesen Ravensburg-Weingarten (FH);;;
6830;H für Technik und Wirtschaft Reutlingen (FH);;;
6841;H für Technik und Wirtschaft Albstadt-Sigmaringen (FH) in Albstadt;;;
6842;H für Technik und Wirtschaft Albstadt-Sigmaringen (FH) in Sigmaringen;;;
6850;Hochschule für Technik Stuttgart (FH);;;
6860;FH Stuttgart - H der Medien;;;
6870;H Ulm - H für Technik;;;
6890;Naturwissenschaftlich-Technische Akademie Isny (Priv. FH);;;
6900;Ev. Hochschule Freiburg (FH);;;
6910;Katholische Hochschule Freiburg, Campus Freiburg;;;
6911;Katholische Hochschule Freiburg, Campus Stuttgart;;;
6970;Merz Akademie Hochschule für Gestaltung, Kunst und Medien, Stuttgart (Priv. FH);;;
7020;AKAD Fachhochschule Stuttgart;;;
7050;H für Gestaltung Schwäbisch Gmünd (FH);;;
7060;H für öffentliche Verwaltung Kehl (VerwFH);;;
7070;Hochschule Ludwigsburg für öffentliche Verwaltung und Finanzen (FH);;;
7090;SRH Hochschule Heidelberg (Priv. FH);;;
7110;H für Forstwirtschaft Rottenburg a. Neckar (FH);;;
7120;H für Rechtspflege Schwetzingen (VerwFH);;;
7140;H für Polizei Villingen-Schwenningen (VerwFH);;;
7180;Fernhochschule Riedlingen (FH);;;
7190;Evang. Hochschule Ludwigsburg in Ludwigsburg (FH);;;
7192;Evang. Hochschule Ludwigsburg in Reutlingen (FH);;;
7210;Hochschule für angewandte Wissenschaften Augsburg (FH);;;
7220;Hochschule für angewandte Wissenschaften Coburg (FH);;;
7240;Hochschule für angewandte Wissenschaften München (FH);;;
7250;Technische Hochschule Nürnberg Georg Simon Ohm (FH);;;
7260;Ostbayerische Technische Hochschule Regensburg (FH);;;
7300;TH Rosenheim in Rosenheim (FH);;;
7301;TH Rosenheim in Mühldorf a. Inn (FH);;;
7303;TH Rosenheim in Burghausen (FH);;;
7311;Hochschule für angewandte Wissenschaften Weihenstephan-Triesdorf in Weihenstephan (FH);;;
7312;Hochschule für angewandte Wissenschaften Weihenstephan-Triesdorf in Triesdorf (FH);;;
7313;Hochschule für angewandte Wissenschaften Weihenstephan-Triesdorf in Straubing (FH);;;
7351;Hochschule für angewandte Wissenschaften Würzburg-Schweinfurt in Würzburg (FH);;;
7352;Hochschule für angewandte Wissenschaften Würzburg-Schweinfurt in Schweinfurt (FH);;;
7370;Evang. Hochschule Nürnberg (FH);;;
7381;Katholische Stiftungshochschule München in München (Kirchl. FH);;;
7382;Katholische Stiftungshochschule München in Benediktbeuern (Kirchl. FH);;;
7440;Hochschule für angewandte Wissenschaften Kempten (FH);;;
7450;Hochschule für angewandte Wissenschaften Landshut (FH);;;
7461;Hochschule für den öffentlichen Dienst in Bayern Standort Fürstenfeldbruck (Polizei);;;
7462;Hochschule für den öffentlichen Dienst in Bayern Standort Herrsching (Finanzwesen);;;
7463;Hochschule für den öffentlichen Dienst in Bayern Standort Hof (Allg. Innere Verwaltung);;;
7464;Hochschule für den öffentlichen Dienst in Bayern Standort München (Archiv- u. Biblioth.);;;
7465;Hochschule für den öffentlichen Dienst in Bayern Standort Starnberg (Rechtspflege);;;
7466;Hochschule für den öffentlichen Dienst in Bayern Standort Wasserburg (Sozialverwaltung);;;
746A;Hochschule für den öffentlichen Dienst in Bayern Standort Sulzbach-Rosenberg (Polizei) ;;;
746B;Hochschule für den öffentlichen Dienst in Bayern Standort Kaufbeuren (Finanzwesen) ;;;
7521;Technische Hochschule Deggendorf in Deggendorf (FH);;;
7522;Technische Hochschule Deggendorf im Landkreis Rottal-Inn (FH);;;
7531;Hochschule für angewandte Wissenschaften Hof in Hof (FH);;;
7532;Hochschule für angewandte Wissenschaften Hof in Münchberg (FH);;;
7540;Technische Hochschule Ingolstadt in Ingolstadt (FH);;;
7541;Technische Hochschule Ingolstadt in Neuburg a. d. Donau (FH);;;
7551;Ostbayerische Technische Hochschule Amberg-Weiden (FH) in Amberg;;;
7552;Ostbayerische Technische Hochschule Amberg-Weiden (FH) in Weiden;;;
7560;Hochschule für angewandte Wissenschaften Ansbach in Ansbach (FH);;;
7561;Hochschule für angewandte Wissenschaften Ansbach in Weißenburg (FH);;;
7562;Hochschule für angewandte Wissenschaften Ansbach in Rothenburg (FH);;;
7570;Hochschule für angewandte Wissenschaften Neu-Ulm (FH);;;
7580;Munich Business School München (Priv. FH);;;
7590;TH Aschaffenburg (FH);;;
7610;H für Technik und Wirtschaft des Saarlandes Saarbrücken;;;
7630;FH für Verwaltung Saarbrücken;;;
7670;accadis Hochschule Bad Homburg (Priv. FH);;;
7680;Theologisches Seminar Reutlingen (ev.);;;
7690;Hochschule für Technik und Wirtschaft Berlin (FH);;;
7700;Kath. Hochschule für Sozialwesen Berlin;;;
7710;Beuth - Hochschule für Technik Berlin (FH);;;
7721;HS für Wirtschaft und Recht Berlin, FB Wirtschaft (FH);;;
7722;HS für Wirtschaft und Recht Berlin, FB Duales Studium (FH);;;
7723;HS für Wirtschaft und Recht Berlin, FB Verwaltung, Recht, Polizei (FH);;;
7730;ASH für Sozialarbeit und Sozialpädagogik Berlin (FH);;;
7750;Evangelische Hochschule Berlin (FH);;;
7780;Hochschule Neubrandenburg (FH);;;
7790;Hochschule Stralsund (FH);;;
7810;FH Erfurt;;;
7820;Hochschule Jena (FH);;;
7830;Hochschule Schmalkalden (FH);;;
7840;Hochschule Wismar (FH);;;
7850;FH für Finanzen Brandenburg in Königs Wusterhausen (VerwFH);;;
7860;Thüringer FH für öffentl. Verwaltung in Gotha;;;
7880;Hochschule Nordhausen (FH);;;
7890;Hochschule der Polizei Brandenburg (VerwFH) Oranienburg;;;
7900;FH für öffentliche Verwaltung, Polizei und Rechtspflege in Güstrow (Verw-FH);;;
7910;Technische Hochschule Brandenburg (FH);;;
7920;Hochschule für nachhaltige Entwicklung Eberswalde (FH);;;
7940;Technische Hochschule Wildau (FH);;;
7950;FH Potsdam;;;
7960;Private Universität Steinbeis, Berlin;;;
7971;SRH Berlin University of Applied Sciences in Berlin (Priv. FH);;;
7972;SRH Berlin University of Applied Sciences in Dresden (Priv. FH);;;
7973;SRH Berlin University of Applied Sciences in Hamburg (Priv. FH);;;
7990;Norddeutsche Akademie für Finanzen und Steuerrecht Hamburg;;;
8000;Hochschule Merseburg (FH);;;
8011;Hochschule Magdeburg-Stendal (FH) in Magdeburg;;;
8012;Hochschule Magdeburg-Stendal (FH) in Stendal;;;
8021;Hochschule Harz (FH) in Wernigerode;;;
8022;Hochschule Harz (FH) in Halberstadt;;;
8031;Hochschule Anhalt (FH) in Bernburg;;;
8032;Hochschule Anhalt (FH) in Dessau;;;
8033;Hochschule Anhalt (FH) in Köthen;;;
8060;FH Polizei Sachsen-Anhalt, Aschersleben (VerwFH);;;
8072;(AMD Akademie Mode und Design Idstein in Berlin (Priv. FH)) eingegliedert in 6287;;;
8073;(AMD Akademie Mode und Design Idstein in Düsseldorf (Priv. FH)) eingegliedert in 6288;;;
8080;SRH Hochschule Nordrhein-Westfalen Hamm in Hamm (Priv. FH);;;
8081;SRH Hochschule Nordrhein-Westfalen Hamm in Leverkusen (Priv. FH);;;
8090;HSBA School of Business Administration Hamburg (Priv. FH);;;
8101;Priv. FH für Ökonomie und Management Essen in Essen;;;
8102;Priv. FH für Ökonomie und Management Essen in Duisburg;;;
8103;Priv. FH für Ökonomie und Management Essen in Neuss;;;
8104;Priv. FH für Ökonomie und Management Essen in Köln;;;
8105;Priv. FH für Ökonomie und Management Essen in Gütersloh;;;
8106;Priv. FH für Ökonomie und Management Essen in Siegen;;;
8107;Priv. FH für Ökonomie und Management Essen in Marl;;;
8108;Priv. FH für Ökonomie und Management Essen in Düsseldorf;;;
8109;Priv. FH für Ökonomie und Management Essen in Dortmund;;;
810A;Priv. FH für Ökonomie und Management Essen in Bonn;;;
810B;Priv. FH für Ökonomie und Management Essen in Aachen;;;
810C;Priv. FH für Ökonomie und Management Essen in Wuppertal;;;
810D;Priv. FH für Ökonomie und Management Essen in Bochum;;;
810E;Priv. FH für Ökonomie und Management Essen in Bönen;;;
810F;Priv. FH für Ökonomie und Management Essen in Hagen;;;
810G;Priv. FH für Ökonomie und Management Essen in Münster;;;
810H;Priv. FH für Ökonomie und Management Essen in Wesel;;;
810J;Priv. FH für Ökonomie und Management Essen in Bremen;;;
810K;Priv. FH für Ökonomie und Management Essen in Leipzig;;;
810L;Priv. FH für Ökonomie und Management Essen in Frankfurt ;;;
810M;Priv. FH für Ökonomie und Management Essen in Kassel;;;
810N;Priv. FH für Ökonomie und Management Essen in Augsburg;;;
810P;Priv. FH für Ökonomie und Management Essen in München;;;
810Q;Priv. FH für Ökonomie und Management Essen in Nürnberg;;;
810R;Priv. FH für Ökonomie und Management Essen in Hannover;;;
810S;Priv. FH für Ökonomie und Management Essen in Berlin;;;
810T;Priv. FH für Ökonomie und Management Essen in Mannheim;;;
810U;Priv. FH für Ökonomie und Management Essen in Stuttgart;;;
810V;Priv. FH für Ökonomie und Management Essen in Hamburg;;;
810W;Priv. FH für Ökonomie und Management Essen in Karlsruhe;;;
810X;Priv. FH für Ökonomie und Management Essen in Saarbrücken;;;
8111;H Bonn-Rhein-Sieg in St. Augustin (FH);;;
8112;H Bonn-Rhein-Sieg in Rheinbach (FH);;;
8113;H-Bonn-Rhein-Sieg in Hennef (FH);;;
8140;Hochschule21, Buxtehude (Priv. FH);;;
8150;Karlshochschule International University, Karlsruhe ;;;
8171;Duale Hochschule Baden-Württemberg Mosbach, Campus Bad Mergentheim;;;
8172;Duale Hochschule Baden-Württemberg Ravensburg, Campus Friedrichshafen;;;
8173;Duale Hochschule Baden-Württemberg in Heidenheim;;;
8174;Duale Hochschule Baden-Württemberg Stuttgart, Campus Horb;;;
8175;Duale Hochschule Baden-Württemberg in Karlsruhe;;;
8176;Duale Hochschule Baden-Württemberg in Lörrach;;;
8177;Duale Hochschule Baden-Württemberg in Mannheim;;;
8178;Duale Hochschule Baden-Württemberg in Mosbach;;;
8179;Duale Hochschule Baden-Württemberg in Ravensburg;;;
817A;Duale Hochschule Baden-Württemberg in Stuttgart;;;
817C;Duale Hochschule Baden-Württemberg in Villingen-Schwenningen;;;
817D;Duale Hochschule Baden-Württemberg in Heilbronn;;;
817E;Duale Hochschule Baden-Württemberg Präsidium in Stuttgart;;;
817F;Duale Hochschule Baden-Württemberg CAS in Heilbronn;;;
8180;Hochschule der Polizei Rheinland-Pfalz in Büchenbeuren (FH);;;
9000;Sonstige deutsche Hochschule;;;
9990;Hochschule im Ausland;;;
